Word,Seq_num,Word Count,Word Proportion,Average Proportion,Std Dev,Doc Count,Negative,Positive,Uncertainty,Litigious,Strong_Modal,Weak_Modal,Constraining,Complexity,Syllables,Source
BROOMSTICK,9000,3,1.367355822445361e-10,5.615285778670266e-11,4.277144461319226e-08,3,0,0,0,0,0,0,0,0,2,12of12inf
GREATEST,32591,154912,7.060660838888525e-06,5.531458989864214e-06,2.8475347809754828e-05,98505,0,2009,0,0,0,0,0,0,2,12of12inf
PROSECUTE,59083,129996,5.925026249820238e-06,3.0511113043624744e-06,2.114588626976811e-05,60189,2009,0,0,2009,0,0,0,0,3,12of12inf
PROSPERED,59121,297,1.3536822642209073e-08,1.3273414323330952e-08,1.1705176804123327e-06,281,0,2009,0,0,0,0,0,0,2,12of12inf
PROTEST,59179,205929,9.385940572011692e-06,4.575254421476123e-06,3.28970978221903e-05,59684,2009,0,0,0,0,0,0,0,2,12of12inf
